Value,SearchText
utility:activity,ball
utility:ad_set,
utility:add_above,add addition plus
utility:add_below,add addition plus
utility:add_source,add source merge
utility:add,add plus
utility:adduser,add plus user
utility:adjust_value,adjust edit value money currency pencil
utility:advanced_function,
utility:advertising,
utility:agent_home,
utility:agent_session,
utility:aggregate,
utility:aggregation_policy,
utility:alert,
utility:all,
utility:anchor,
utility:angle,
utility:animal_and_nature,
utility:announcement,
utility:answer,
utility:answered_twice,
utility:anywhere_alert,
utility:anywhere_chat,
utility:apex_alt,
utility:apex_plugin,
utility:apex,
utility:app_web_messaging,
utility:approval,
utility:apps,
utility:archive,
utility:array,
utility:arrow_bottom,
utility:arrow_left,
utility:arrow_right,
utility:arrow_top,
utility:arrowdown,
utility:arrowup,
utility:asset_audit,
utility:asset_object,
utility:asset_repossessed,
utility:asset_warranty,
utility:assignment,
utility:attach,
utility:automate,
utility:away,
utility:back,
utility:ban,
utility:block_visitor,
utility:bold,
utility:bookmark_alt,
utility:bookmark_stroke,
utility:bookmark,
utility:bottom_align,
utility:bottom_group_alignment,
utility:breadcrumbs,
utility:broadcast,
utility:brush,
utility:bucket,
utility:budget_category_value,
utility:budget_period,
utility:bug,
utility:builder,
utility:bundle_config,
utility:bundle_policy,
utility:button_choice,
utility:buyer_group_qualifier,
utility:calculated_insights,
utility:call,
utility:campaign,
utility:cancel_file_request,
utility:cancel_transfer,
utility:cant_sync,
utility:capacity_plan,
utility:capslock,
utility:captions,
utility:card_details,
utility:cart,
utility:case,
utility:cases,
utility:center_align_text,
utility:center_align,
utility:center_group_alignment,
utility:change_owner,
utility:change_record_type,
utility:change_request,
utility:chart,
utility:chat,
utility:check,
utility:checkin,
utility:checkout,
utility:chevrondown,
utility:chevronleft,
utility:chevronright,
utility:chevronup,
utility:choice,
utility:circle,
utility:classic_interface,
utility:clear,
utility:clock,
utility:close,
utility:cms,
utility:collapse_all,
utility:collection_alt,
utility:collection_variable,
utility:collection,
utility:color_swatch,
utility:columns,
utility:comments,
utility:company,
utility:component_customization,
utility:connected_apps,
utility:constant,
utility:contact_request,
utility:contact,
utility:contactless_pay,
utility:contract_alt,
utility:contract_doc,
utility:contract_line_outcome_data,
utility:contract_line_outcome,
utility:contract_payment,
utility:contract,
utility:copy_to_clipboard,
utility:copy,
utility:coupon_codes,
utility:crossfilter,
utility:currency_input,
utility:currency,
utility:custom_apps,
utility:customer_workspace,
utility:customer,
utility:cut,
utility:dash,
utility:data_cloud,
utility:data_graph,
utility:data_mapping,
utility:data_model,
utility:data_transforms,
utility:database,
utility:datadotcom,
utility:date_input,
utility:date_time,
utility:dayview,
utility:delete,
utility:deprecate,
utility:description,
utility:desktop_and_phone,
utility:desktop_console,
utility:desktop,
utility:detach,
utility:dialing,
utility:diamond,
utility:discounts,
utility:dislike,
utility:display_rich_text,
utility:display_text,
utility:dock_panel,
utility:document_preview,
utility:down,
utility:download,
utility:drag_and_drop,
utility:drag,
utility:duration_downscale,
utility:dynamic_record_choice,
utility:edit_form,
utility:edit_gpt,
utility:edit,
utility:education,
utility:einstein_alt,
utility:einstein,
utility:email_open,
utility:email,
utility:emoji,
utility:end_call,
utility:end_chat,
utility:end_messaging_session,
utility:engage,
utility:enter,
utility:entitlement,
utility:erect_window,
utility:error,
utility:event_ext,
utility:event,
utility:events,
utility:expand_all,
utility:expand_alt,
utility:expand,
utility:expired,
utility:fallback,
utility:favorite_alt,
utility:favorite,
utility:feed,
utility:field_sales,
utility:file,
utility:filter_criteria_rule,
utility:filter_criteria,
utility:filter,
utility:filterlist,
utility:flow_alt,
utility:flow,
utility:food_and_drink,
utility:form,
utility:format,
utility:formula,
utility:forward_up,
utility:forward,
utility:freeze_column,
utility:frozen,
utility:fulfillment_order,
utility:full_width_view,
utility:fully_synced,
utility:funding_award_adjustment,
utility:funding_requirement,
utility:global_constant,
utility:graph,
utility:groups,
utility:guidance,
utility:hazmat_equipment,
utility:heart,
utility:height,
utility:help_center,
utility:help_doc_ext,
utility:help,
utility:hide_mobile,
utility:hide,
utility:hierarchy,
utility:high_velocity_sales,
utility:highlight,
utility:holiday_operating_hours,
utility:home,
utility:hourglass,
utility:http,
utility:identity,
utility:image,
utility:in_app_assistant,
utility:inbox,
utility:incident,
utility:incoming_call,
utility:indicator_performance_period,
utility:info_alt,
utility:info,
utility:inner_join,
utility:insert_tag_field,
utility:insert_template,
utility:inspector_panel,
utility:integration,
utility:internal_share,
utility:italic,
utility:join,
utility:jump_to_bottom,
utility:jump_to_left,
utility:jump_to_right,
utility:jump_to_top,
utility:justify_text,
utility:kanban,
utility:key_dates,
utility:key,
utility:keyboard_dismiss,
utility:keypad,
utility:knowledge_base,
utility:knowledge_smart_link,
utility:label,
utility:labels,
utility:layers,
utility:layout_banner,
utility:layout_card,
utility:layout_overlap,
utility:layout_tile,
utility:layout,
utility:lead,
utility:leave_conference,
utility:left_align_text,
utility:left_align,
utility:left_join,
utility:left,
utility:level_down,
utility:level_up,
utility:light_bulb,
utility:lightning_extension,
utility:lightning_inspector,
utility:like,
utility:line_chart,
utility:link,
utility:linked,
utility:list,
utility:listen,
utility:live_message,
utility:location_permit,
utility:location,
utility:lock,
utility:locked_with_additions,
utility:locker_service_api_viewer,
utility:locker_service_console,
utility:log_a_call,
utility:logout,
utility:loop,
utility:lower_flag,
utility:macros,
utility:magicwand,
utility:maintenance_plan,
utility:mark_all_as_read,
utility:market,
utility:matrix,
utility:meet_content_source,
utility:meet_focus_content,
utility:meet_focus_equal,
utility:meet_focus_presenter,
utility:meet_present_panel,
utility:merge_field,
utility:merge,
utility:metrics,
utility:middle_align,
utility:minimize_window,
utility:missed_call,
utility:mixed_sources_mapping,
utility:money,
utility:moneybag,
utility:monthlyview,
utility:more,
utility:move,
utility:mulesoft,
utility:multi_picklist,
utility:multi_select_checkbox,
utility:muted,
utility:new_direct_message,
utility:new_window,
utility:new,
utility:news,
utility:no_return,
utility:not_in_sync,
utility:not_saved,
utility:note,
utility:notebook,
utility:notification_off,
utility:notification_snoozed,
utility:notification,
utility:number_input,
utility:office365,
utility:offline_briefcase,
utility:offline_cached,
utility:offline,
utility:omni_channel,
utility:open_folder,
utility:open,
utility:opened_folder,
utility:opportunity,
utility:orchestrator,
utility:orders,
utility:org_chart,
utility:outbound_call,
utility:outcome,
utility:outer_join,
utility:output,
utility:overflow,
utility:package_org_beta,
utility:package_org,
utility:package,
utility:page_structure,
utility:page,
utility:palette,
utility:password,
utility:paste,
utility:path_experiment,
utility:pause_alt,
utility:pause,
utility:payment_deferred,
utility:payment_gateway,
utility:pdf_ext,
utility:people,
utility:percent,
utility:phone_landscape,
utility:phone_portrait,
utility:photo,
utility:picklist_choice,
utility:picklist_type,
utility:picklist,
utility:pin,
utility:pinned,
utility:plane,
utility:planning_poker,
utility:play,
utility:podcast_webinar,
utility:pop_in,
utility:power,
utility:preview,
utility:price_book_entries,
utility:price_books,
utility:pricing_workspace,
utility:print,
utility:priority,
utility:privately_shared,
utility:problem,
utility:process,
utility:product_consumed_state,
utility:product_quantity_rules,
utility:product_service_campaign_item,
utility:product_service_campaign,
utility:product_transfer_state,
utility:product_transfer,
utility:product_warranty_term,
utility:product_workspace,
utility:product,
utility:products,
utility:profile_alt,
utility:profile,
utility:program_cohort_member,
utility:program_cohort,
utility:promotion_segments,
utility:promotion_tiers,
utility:promotions_workspace,
utility:promotions,
utility:prompt_builder,
utility:prompt_edit,
utility:prompt,
utility:propagation_policy,
utility:proposition,
utility:push,
utility:puzzle,
utility:qualifications,
utility:question_mark,
utility:question,
utility:questions_and_answers,
utility:queue,
utility:quick_text,
utility:quip,
utility:quotation_marks,
utility:quote,
utility:radio_button,
utility:rating,
utility:real_time,
utility:reassign,
utility:recipe,
utility:record_alt,
utility:record_collection,
utility:record_consent,
utility:record_create,
utility:record_delete,
utility:record_lookup,
utility:record_update,
utility:record,
utility:recurring_exception,
utility:recycle_bin_empty,
utility:recycle_bin_full,
utility:redo,
utility:refresh,
utility:relate,
utility:reminder,
utility:remove_formatting,
utility:remove_link,
utility:replace,
utility:replay,
utility:reply_all,
utility:reply,
utility:report_issue,
utility:reset_password,
utility:resource_absence,
utility:resource_capacity,
utility:resource_territory,
utility:restriction_policy,
utility:retail_execution,
utility:retweet,
utility:ribbon,
utility:richtextbulletedlist,
utility:richtextindent,
utility:richtextnumberedlist,
utility:richtextoutdent,
utility:right_align_text,
utility:right_align,
utility:right_join,
utility:right,
utility:robot,
utility:rotate,
utility:routing_offline,
utility:rows,
utility:rules,
utility:salesforce_page,
utility:salesforce1,
utility:save,
utility:scan,
utility:screen,
utility:search,
utility:section,
utility:segments,
utility:send_log,
utility:send,
utility:sender_email,
utility:sentiment_negative,
utility:sentiment_neutral,
utility:serialized_product_transaction,
utility:serialized_product,
utility:service_appointment,
utility:service_contract,
utility:service_report,
utility:service_territory_policy,
utility:settings,
utility:setup_assistant_guide,
utility:setup_modal,
utility:setup,
utility:share_file,
utility:share_mobile,
utility:share_post,
utility:share,
utility:shield,
utility:shift_pattern_entry,
utility:shift_pattern,
utility:shift_scheduling_operation,
utility:shift_ui,
utility:shopping_bag,
utility:shortcuts,
utility:side_list,
utility:signature,
utility:signpost,
utility:skill,
utility:skip_back,
utility:skip_forward,
utility:skip,
utility:slack_conversations,
utility:slack,
utility:slider,
utility:smiley_and_people,
utility:sms,
utility:snippet,
utility:sobject_collection,
utility:sobject,
utility:socialshare,
utility:sort_ascending,
utility:sort_policy,
utility:sort,
utility:spacer,
utility:sparkle,
utility:sparkles,
utility:spinner,
utility:stage_collection,
utility:stage,
utility:standard_objects,
utility:steps,
utility:stop,
utility:store,
utility:strategy,
utility:strikethrough,
utility:success,
utility:summary,
utility:summarydetail,
utility:survey,
utility:swarm_request,
utility:swarm_session,
utility:switch,
utility:symbols,
utility:sync_in_progress,
utility:sync,
utility:system_and_global_variable,
utility:table_settings,
utility:table,
utility:tableau,
utility:tablet_landscape,
utility:tablet_portrait,
utility:tabset,
utility:talent_development,
utility:target_mode,
utility:target,
utility:task,
utility:tax_policy,
utility:tax_rate,
utility:tax_treatment,
utility:text_background_color,
utility:text_color,
utility:text_template,
utility:text,
utility:textarea,
utility:textbox,
utility:threedots_vertical,
utility:threedots,
utility:thunder,
utility:tile_card_list,
utility:toggle_off,
utility:toggle_on,
utility:toggle_panel_bottom,
utility:toggle_panel_left,
utility:toggle_panel_right,
utility:toggle_panel_top,
utility:toggle,
utility:tollways,
utility:top_align,
utility:top_group_alignment,
utility:topic,
utility:topic2,
utility:touch_action,
utility:tour_check,
utility:tour,
utility:tracker,
utility:trail,
utility:trailblazer_ext,
utility:trailhead_alt,
utility:trailhead_ext,
utility:trailhead,
utility:transparent,
utility:transport_bicycle,
utility:transport_heavy_truck,
utility:transport_light_truck,
utility:transport_walking,
utility:travel_and_places,
utility:trending,
utility:truck,
utility:turn_off_notifications,
utility:type_tool,
utility:type,
utility:undelete,
utility:undeprecate,
utility:underline,
utility:undo,
utility:unlinked,
utility:unlock,
utility:unmuted,
utility:up,
utility:upload,
utility:user_role,
utility:user,
utility:variable,
utility:variation_attribute_setup,
utility:variation_products,
utility:video_off,
utility:video,
utility:visibility_rule_assigned,
utility:voicemail_drop,
utility:volume_high,
utility:volume_low,
utility:volume_off,
utility:waits,
utility:walkthroughs,
utility:warning,
utility:warranty_term,
utility:watchlist,
utility:water,
utility:weeklyview,
utility:wellness,
utility:width,
utility:wifi,
utility:work_forecast,
utility:work_order_type,
utility:work_queue,
utility:workforce_engagement,
utility:world,
utility:your_account,
utility:yubi_key,
utility:zoomin,
utility:zoomout,
doctype:ai,
doctype:attachment,
doctype:audio,
doctype:box_notes,
doctype:csv,
doctype:eps,
doctype:excel,
doctype:exe,
doctype:flash,
doctype:folder,
doctype:gdoc,
doctype:gdocs,
doctype:gform,
doctype:gpres,
doctype:gsheet,
doctype:html,
doctype:image,
doctype:keynote,
doctype:library_folder,
doctype:link,
doctype:mp4,
doctype:overlay,
doctype:pack,
doctype:pages,
doctype:pdf,
doctype:ppt,
doctype:psd,
doctype:quip_doc,
doctype:quip_sheet,
doctype:quip_slide,
doctype:rtf,
doctype:shared_folder,
doctype:slide,
doctype:stypi,
doctype:txt,
doctype:unknown,
doctype:video,
doctype:visio,
doctype:webex,
doctype:word,
doctype:xml,
doctype:zip,
standard:account_info,
standard:account_score,
standard:account,
standard:action_list_component,
standard:actions_and_buttons,
standard:activation_target,
standard:activations,
standard:address,
standard:agent_home,
standard:agent_session,
standard:aggregate,
standard:aggregation_policy,
standard:ai_accelerator_card,
standard:all,
standard:announcement,
standard:answer_best,
standard:answer_private,
standard:answer_public,
standard:apex_plugin,
standard:apex,
standard:app_form_participant,
standard:app_form_product_participant,
standard:app,
standard:approval,
standard:apps_admin,
standard:apps,
standard:article,
standard:asset_action_source,
standard:asset_action,
standard:asset_audit,
standard:asset_downtime_period,
standard:asset_hierarchy,
standard:asset_object,
standard:asset_relationship,
standard:asset_state_period,
standard:asset_warranty,
standard:assigned_resource,
standard:assignment,
standard:attach,
standard:attribute_based_pricing,
standard:avatar_loading,
standard:avatar,
standard:bill_of_materials,
standard:bot_training,
standard:bot,
standard:branch_merge,
standard:brand,
standard:budget_allocation,
standard:budget_category_value,
standard:budget_period,
standard:budget,
standard:bundle_config,
standard:bundle_policy,
standard:bundles_pricing,
standard:business_hours,
standard:buyer_account,
standard:buyer_group_qualifier,
standard:buyer_group,
standard:calculated_insights,
standard:calibration,
standard:call_coaching,
standard:call_history,
standard:call,
standard:campaign_members,
standard:campaign,
standard:cancel_checkout,
standard:canvas,
standard:capacity_plan,
standard:care_request_reviewer,
standard:carousel,
standard:case_change_status,
standard:case_comment,
standard:case_email,
standard:case_log_a_call,
standard:case_milestone,
standard:case_transcript,
standard:case_wrap_up,
standard:case,
standard:catalog,
standard:category,
standard:change_request,
standard:channel_program_history,
standard:channel_program_levels,
standard:channel_program_members,
standard:channel_programs,
standard:chart,
standard:checkout,
standard:choice,
standard:client,
standard:cms,
standard:coaching,
standard:code_playground,
standard:code_set_bundle,
standard:code_set,
standard:collection_variable,
standard:collection,
standard:connect_wallet,
standard:connected_apps,
standard:constant,
standard:contact_list,
standard:contact_request,
standard:contact,
standard:contract_line_item,
standard:contract_line_outcome_data,
standard:contract_line_outcome,
standard:contract_payment,
standard:contract,
standard:cost_model,
standard:coupon_codes,
standard:crypto_category_wallet_group,
standard:crypto_product_category_wallet_role,
standard:crypto_product,
standard:crypto_transaction_envelope_change_snapshot,
standard:crypto_transaction_envelope_item,
standard:crypto_transaction_envelope,
standard:crypto_transaction,
standard:crypto_wallet_group_item,
standard:crypto_wallet_group,
standard:crypto_wallet,
standard:currency_input,
standard:currency,
standard:custody_chain_entry,
standard:custody_entry_verification,
standard:custody_override,
standard:custom_component_task,
standard:custom_notification,
standard:custom,
standard:customer_360,
standard:customer_lifecycle_analytics,
standard:customer_portal_users,
standard:customer_workspace,
standard:customer,
standard:customers,
standard:dashboard_component,
standard:dashboard_ea,
standard:dashboard,
standard:data_cloud,
standard:data_governance,
standard:data_graph,
standard:data_integration_hub,
standard:data_lake_objects,
standard:data_mapping,
standard:data_model,
standard:data_streams,
standard:data_transforms,
standard:datadotcom,
standard:dataset,
standard:datashare_target,
standard:datashares,
standard:date_input,
standard:date_time,
standard:decision,
standard:default,
standard:delegated_account,
standard:device,
standard:digital_verification_config_group,
standard:digital_verification_config,
standard:disclosure_and_compliance,
standard:discounts,
standard:display_rich_text,
standard:display_text,
standard:document_preview,
standard:document_reference,
standard:document,
standard:drafts,
standard:duration_downscale,
standard:dynamic_highlights_panel,
standard:dynamic_record_choice,
standard:education,
standard:einstein_replies,
standard:email_chatter,
standard:email,
standard:employee_asset,
standard:employee_contact,
standard:employee_job_position,
standard:employee_job,
standard:employee_organization,
standard:employee,
standard:empty,
standard:endorsement,
standard:entitlement_policy,
standard:entitlement_process,
standard:entitlement_template,
standard:entitlement,
standard:entity_milestone,
standard:entity,
standard:environment_hub,
standard:event,
standard:events,
standard:expense_report_entry,
standard:expense_report,
standard:expense,
standard:facility_bed,
standard:feed,
standard:feedback,
standard:field_sales,
standard:file,
standard:filter_criteria_rule,
standard:filter_criteria,
standard:filter,
standard:first_non_empty,
standard:flow,
standard:folder,
standard:forecasts,
standard:form,
standard:formula,
standard:fulfillment_order,
standard:funding_award_adjustment,
standard:funding_requirement,
standard:generic_loading,
standard:global_constant,
standard:goals,
standard:group_loading,
standard:groups,
standard:guidance_center,
standard:header_discounts,
standard:hierarchy,
standard:high_velocity_sales,
standard:historical_adherence,
standard:holiday_operating_hours,
standard:home,
standard:household,
standard:identifier,
standard:immunization,
standard:impact_outcome,
standard:impact_strategy_assignment,
standard:impact_strategy,
standard:inbox,
standard:incident,
standard:indicator_assignment,
standard:indicator_definition,
standard:indicator_performance_period,
standard:indicator_result,
standard:individual,
standard:insights,
standard:instore_locations,
standard:investment_account,
standard:invocable_action,
standard:iot_context,
standard:iot_orchestrations,
standard:javascript_button,
standard:job_family,
standard:job_position,
standard:job_profile,
standard:kanban,
standard:key_dates,
standard:knowledge,
standard:labels,
standard:lead_insights,
standard:lead_list,
standard:lead,
standard:learner_program,
standard:letterhead,
standard:lightning_component,
standard:lightning_usage,
standard:link,
standard:linked,
standard:list_email,
standard:list_fee,
standard:list_rate,
standard:live_chat_visitor,
standard:live_chat,
standard:location_permit,
standard:location,
standard:log_a_call,
standard:logging,
standard:loop,
standard:macros,
standard:maintenance_asset,
standard:maintenance_plan,
standard:maintenance_work_rule,
standard:manual_discounts,
standard:market,
standard:marketing_actions,
standard:med_rec_recommendation,
standard:med_rec_statement_recommendation,
standard:medication_dispense,
standard:medication_ingredient,
standard:medication_reconciliation,
standard:medication_statement,
standard:medication,
standard:merge,
standard:messaging_conversation,
standard:messaging_session,
standard:messaging_user,
standard:metric_definition,
standard:metric,
standard:metrics,
standard:mulesoft,
standard:multi_picklist,
standard:multi_select_checkbox,
standard:network_contract,
standard:news,
standard:nft_settings,
standard:nft_studio,
standard:no_code_model,
standard:note,
standard:number_input,
standard:observation_component,
standard:omni_channel,
standard:omni_supervisor,
standard:operating_hours,
standard:operation_plan_execution,
standard:operation_plan_request,
standard:operation_plan_step_execution,
standard:operation_plan_step,
standard:operation_plan,
standard:opportunity_contact_role,
standard:opportunity_splits,
standard:opportunity,
standard:orchestrator,
standard:order_item,
standard:orders,
standard:outcome_activity,
standard:outcome,
standard:output,
standard:panel_detail,
standard:partner_fund_allocation,
standard:partner_fund_claim,
standard:partner_fund_request,
standard:partner_marketing_budget,
standard:partners,
standard:party_profile,
standard:password,
standard:past_chat,
standard:path_experiment,
standard:patient_medication_dosage,
standard:payment_gateway,
standard:people_score,
standard:people,
standard:performance,
standard:person_account,
standard:person_language,
standard:person_name,
standard:photo,
standard:picklist_choice,
standard:picklist_type,
standard:planogram,
standard:policy,
standard:poll,
standard:portal_roles_and_subordinates,
standard:portal_roles,
standard:portal,
standard:post,
standard:practitioner_role,
standard:prep_flow,
standard:price_adjustment_matrix,
standard:price_adjustment_schedule,
standard:price_adjustment_tier,
standard:price_book_entries,
standard:price_books,
standard:price_sheet,
standard:pricebook,
standard:pricing_workspace,
standard:problem,
standard:procedure_detail,
standard:procedure,
standard:process_exception,
standard:process,
standard:product_consumed_state,
standard:product_consumed,
standard:product_item_transaction,
standard:product_item,
standard:product_quantity_rules,
standard:product_request_line_item,
standard:product_request,
standard:product_required,
standard:product_service_campaign_item,
standard:product_service_campaign,
standard:product_transfer_state,
standard:product_transfer,
standard:product_warranty_term,
standard:product_workspace,
standard:product,
standard:products,
standard:program_cohort_member,
standard:program_cohort,
standard:promotion_segments,
standard:promotion_tiers,
standard:promotions_workspace,
standard:promotions,
standard:prompt_builder,
standard:prompt,
standard:propagation_policy,
standard:proposition,
standard:qualifications,
standard:query_editor,
standard:question_best,
standard:question_feed,
standard:queue,
standard:quick_text,
standard:quip_sheet,
standard:quip,
standard:quotes,
standard:radio_button,
standard:rate_adjustment,
standard:read_receipts,
standard:real_time,
standard:recent,
standard:recipe,
standard:record_consent,
standard:record_create,
standard:record_delete,
standard:record_lookup,
standard:record_signature_task,
standard:record_update,
standard:record,
standard:recycle_bin,
standard:registered_model,
standard:related_list,
standard:relationship,
standard:repeaters,
standard:reply_text,
standard:report_type,
standard:report,
standard:resource_absence,
standard:resource_capacity,
standard:resource_preference,
standard:resource_skill,
standard:restriction_policy,
standard:return_order_line_item,
standard:return_order,
standard:reward,
standard:robot,
standard:rtc_presence,
standard:sales_cadence_target,
standard:sales_cadence,
standard:sales_channel,
standard:sales_path,
standard:sales_value,
standard:salesforce_cms,
standard:scan_card,
standard:schedule_objective,
standard:scheduling_constraint,
standard:scheduling_policy,
standard:scheduling_workspace_territory,
standard:scheduling_workspace,
standard:screen,
standard:search,
standard:section,
standard:segments,
standard:selling_model,
standard:serialized_product_transaction,
standard:serialized_product,
standard:service_appointment_capacity_usage,
standard:service_appointment,
standard:service_contract,
standard:service_crew_member,
standard:service_crew,
standard:service_report,
standard:service_request_detail,
standard:service_request,
standard:service_resource,
standard:service_territory_location,
standard:service_territory_member,
standard:service_territory_policy,
standard:service_territory,
standard:settings,
standard:setup_modal,
standard:shift_pattern_entry,
standard:shift_pattern,
standard:shift_preference,
standard:shift_scheduling_operation,
standard:shift_template,
standard:shift_type,
standard:shift,
standard:shipment,
standard:skill_entity,
standard:skill_requirement,
standard:skill,
standard:slack_conversations,
standard:slack,
standard:slider,
standard:sms,
standard:snippet_alt,
standard:snippet,
standard:snippets,
standard:sobject_collection,
standard:sobject,
standard:social,
standard:solution,
standard:sort_policy,
standard:sort,
standard:sossession,
standard:stage_collection,
standard:stage,
standard:steps,
standard:store_group,
standard:store,
standard:story,
standard:strategy,
standard:survey,
standard:swarm_request,
standard:swarm_session,
standard:system_and_global_variable,
standard:tableau,
standard:task,
standard:task2,
standard:tax_policy,
standard:tax_rate,
standard:tax_treatment,
standard:taxonomy,
standard:team_member,
standard:template,
standard:text_template,
standard:text,
standard:textarea,
standard:textbox,
standard:thanks_loading,
standard:thanks,
standard:time_period,
standard:timesheet_entry,
standard:timesheet,
standard:timeslot,
standard:title_party,
standard:today,
standard:toggle,
standard:topic,
standard:topic2,
standard:tour_check,
standard:tour,
standard:trailhead_alt,
standard:trailhead,
standard:travel_mode,
standard:unified_health_score,
standard:unmatched,
standard:uploaded_model,
standard:user_role,
standard:user,
standard:variable,
standard:variation_attribute_setup,
standard:variation_products,
standard:video,
standard:visit_templates,
standard:visits,
standard:visualforce_page,
standard:visualization,
standard:voice_call,
standard:volume_discounts,
standard:waits,
standard:walkthroughs,
standard:warranty_term,
standard:water,
standard:webcart,
standard:whatsapp,
standard:work_capacity_limit,
standard:work_capacity_usage,
standard:work_contract,
standard:work_forecast,
standard:work_order_item,
standard:work_order,
standard:work_plan_rule,
standard:work_plan_template_entry,
standard:work_plan_template,
standard:work_plan,
standard:work_queue,
standard:work_step_template,
standard:work_step,
standard:work_summary,
standard:work_type_group,
standard:work_type,
standard:workforce_engagement,
standard:workspace,
standard:your_account,
custom :custom1,
custom :custom2,
custom :custom3,
custom :custom4,
custom :custom5,
custom :custom6,
custom :custom7,
custom :custom8,
custom :custom9,
custom :custom10,
custom :custom11,
custom :custom12,
custom :custom13,
custom :custom14,
custom :custom15,
custom :custom16,
custom :custom17,
custom :custom18,
custom :custom19,
custom :custom20,
custom :custom21,
custom :custom22,
custom :custom23,
custom :custom24,
custom :custom25,
custom :custom26,
custom :custom27,
custom :custom28,
custom :custom29,
custom :custom30,
custom :custom31,
custom :custom32,
custom :custom33,
custom :custom34,
custom :custom35,
custom :custom36,
custom :custom37,
custom :custom38,
custom :custom39,
custom :custom40,
custom :custom41,
custom :custom42,
custom :custom43,
custom :custom44,
custom :custom45,
custom :custom46,
custom :custom47,
custom :custom48,
custom :custom49,
custom :custom50,
custom :custom51,
custom :custom52,
custom :custom53,
custom :custom54,
custom :custom55,
custom :custom56,
custom :custom57,
custom :custom58,
custom :custom59,
custom :custom60,
custom :custom61,
custom :custom62,
custom :custom63,
custom :custom64,
custom :custom65,
custom :custom66,
custom :custom67,
custom :custom68,
custom :custom69,
custom :custom70,
custom :custom71,
custom :custom72,
custom :custom73,
custom :custom74,
custom :custom75,
custom :custom76,
custom :custom77,
custom :custom78,
custom :custom79,
custom :custom80,
custom :custom81,
custom :custom82,
custom :custom83,
custom :custom84,
custom :custom85,
custom :custom86,
custom :custom87,
custom :custom88,
custom :custom89,
custom :custom90,
custom :custom91,
custom :custom92,
custom :custom93,
custom :custom94,
custom :custom95,
custom :custom96,
custom :custom97,
custom :custom98,
custom :custom99,
custom :custom100,
custom :custom101,
custom :custom102,
custom :custom103,
custom :custom104,
custom :custom105,
custom :custom106,
custom :custom107,
custom :custom108,
custom :custom109,
custom :custom110,
custom :custom111,
custom :custom112,
custom :custom113,
action:add_contact,
action:add_file,
action:add_photo_video,
action:add_relationship,
action:adjust_value,
action:announcement,
action:apex,
action:approval,
action:back,
action:bug,
action:call,
action:canvas,
action:change_owner,
action:change_record_type,
action:check,
action:clone,
action:close,
action:defer,
action:delete,
action:description,
action:dial_in,
action:download,
action:edit_groups,
action:edit_relationship,
action:edit,
action:email,
action:fallback,
action:filter,
action:flow,
action:follow,
action:following,
action:freeze_user,
action:goal,
action:google_news,
action:info,
action:join_group,
action:lead_convert,
action:leave_group,
action:log_a_call,
action:log_event,
action:manage_perm_sets,
action:map,
action:more,
action:new_account,
action:new_campaign,
action:new_case,
action:new_child_case,
action:new_contact,
action:new_event,
action:new_group,
action:new_lead,
action:new_note,
action:new_notebook,
action:new_opportunity,
action:new_person_account,
action:new_task,
action:new,
action:password_unlock,
action:preview,
action:priority,
action:question_post_action,
action:quote,
action:recall,
action:record,
action:refresh,
action:reject,
action:remove_relationship,
action:remove,
action:reset_password,
action:scan_disabled,
action:scan_enabled,
action:script,
action:share_file,
action:share_link,
action:share_poll,
action:share_post,
action:share_thanks,
action:share,
action:sort,
action:submit_for_approval,
action:update_status,
action:update,
action:upload,
action:user_activation,
action:user,
action:view_relationship,
action:web_link,
